"SKU";"Produto";"Categoria ML";"Impedimento ML";"GTIN obrigatório"
"VTK015922";"02 Baterias 2CR5 6v Panasonic";"MLB7051";"Atributos obrigatórios pendentes: Código universal de produto";"SIM"
"VTK015925";"10 Baterias Alcalinas 12v Lrv08 Panasonic (10 Cartelas)";"MLB7060";"Atributos obrigatórios pendentes: Código universal de produto";"SIM"
"VTK015926";"10 Baterias Alcalinas 12v Panasonic Lrv08-1b";"MLB7060";"Atributos obrigatórios pendentes: Código universal de produto";"SIM"
"VTK015927";"10 Baterias Alcalinas 9v Panasonic";"MLB7060";"Atributos obrigatórios pendentes: Código universal de produto";"SIM"
"VTK015934";"10 Baterias Cr2025 Panasonic (2 Cart)";"MLB7051";"Atributos obrigatórios pendentes: Código universal de produto";"SIM"
"VTK015936";"10 Baterias Cr2032 Panasonic (2 Cart)";"MLB7051";"Atributos obrigatórios pendentes: Código universal de produto";"SIM"
"VTK015938";"10 Pilhas Alcalinas Aa Panasonic (5 Cart)";"MLB7060";"Atributos obrigatórios pendentes: Código universal de produto";"SIM"
"VTK015939";"10 Pilhas Alcalinas Aaa Panasonic (5 Cart)";"MLB7060";"Atributos obrigatórios pendentes: Código universal de produto";"SIM"
"VTK015940";"10 Pilhas Alcalinas C Panasonic (5  Cart)";"MLB7060";"Atributos obrigatórios pendentes: Código universal de produto";"SIM"
"VTK015941";"10 Pilhas Alcalinas D Panasonic (5  Cart)";"MLB7060";"Atributos obrigatórios pendentes: Código universal de produto";"SIM"
"VTK015942";"10 Pilhas Alcalinas Premium Aa Panasonic (5 Cart)";"MLB7060";"Atributos obrigatórios pendentes: Código universal de produto";"SIM"
"VTK015943";"10 Pilhas Alcalinas Premium Aaa Panasonic (5 Cart)";"MLB7060";"Atributos obrigatórios pendentes: Código universal de produto";"SIM"
"VTK015944";"10 Pilhas Comum D Panasonic (5 Cart)";"MLB7060";"Atributos obrigatórios pendentes: É recarregável, Código universal de produto";"SIM"
"VTK015945";"10 Pilhas Recarregaveis Eneloop Pro Aa Panasonic (5 Cart)";"MLB7060";"Atributos obrigatórios pendentes: É recarregável, Código universal de produto";"SIM"
"VTK015946";"10 Pilhas Recarregaveis Eneloop Pro Aaa Panasonic (5 Cart)";"MLB7060";"Atributos obrigatórios pendentes: É recarregável, Código universal de produto";"SIM"
"VTK015947";"10 Pilhas Recarregaveis Eneloop Std Aa Panasonic (5 Cart)";"MLB7060";"Atributos obrigatórios pendentes: É recarregável, Código universal de produto";"SIM"
"VTK015948";"10 Pilhas Recarregaveis Eneloop Std Aaa Panasonic (5 Cart)";"MLB7060";"Atributos obrigatórios pendentes: É recarregável, Código universal de produto";"SIM"
"VTK015949";"10 Tubos Pilha Comum Aa C/52un Cada Panasonic";"MLB7060";"Atributos obrigatórios pendentes: É recarregável, Código universal de produto";"SIM"
"VTK015950";"10 Tubos Pilha Comum Aaa C/40un Cada";"MLB7060";"Atributos obrigatórios pendentes: É recarregável, Código universal de produto";"SIM"
"VTK015951";"100 Baterias Alcalinas 12v Panasonic Lr-V08-1bt (10 Cart)";"MLB7060";"Atributos obrigatórios pendentes: Código universal de produto";"SIM"
"VTK015952";"100 Baterias Alcalinas 9v Panasonic";"MLB7060";"Atributos obrigatórios pendentes: Código universal de produto";"SIM"
"VTK015953";"100 Pilhas Baterias Cr2032 3v Panasonic 20 Cartelas";"MLB7060";"Atributos obrigatórios pendentes: É recarregável, Código universal de produto";"SIM"
"VTK015954";"12 Pilhas Alcalinas Aa Panasonic (2 Cart)";"MLB7060";"Atributos obrigatórios pendentes: Código universal de produto";"SIM"
"VTK015955";"12 Pilhas Alcalinas Aa Panasonic (3 Cart)";"MLB7060";"Atributos obrigatórios pendentes: Código universal de produto";"SIM"
"VTK015956";"12 Pilhas Alcalinas Aa Panasonic (6 Cart)";"MLB7060";"Atributos obrigatórios pendentes: Código universal de produto";"SIM"
"VTK015957";"12 Pilhas Alcalinas Aaa Panasonic (2 Cart)";"MLB7060";"Atributos obrigatórios pendentes: Código universal de produto";"SIM"
"VTK015958";"12 Pilhas Alcalinas Aaa Panasonic (3 Cart)";"MLB7060";"Atributos obrigatórios pendentes: Código universal de produto";"SIM"
"VTK015959";"12 Pilhas Alcalinas Aaa Panasonic (6 Cart)";"MLB7060";"Atributos obrigatórios pendentes: Código universal de produto";"SIM"
"VTK015960";"12 Pilhas Alcalinas C Panasonic (6  Cart)";"MLB7060";"Atributos obrigatórios pendentes: Código universal de produto";"SIM"
"VTK015961";"12 Pilhas Alcalinas D Panasonic (6  Cart)";"MLB7060";"Atributos obrigatórios pendentes: Código universal de produto";"SIM"
"VTK015962";"12 Pilhas Alcalinas Premium Aa Panasonic (2 Cart)";"MLB7060";"Atributos obrigatórios pendentes: Código universal de produto";"SIM"
"VTK015963";"12 Pilhas Alcalinas Premium Aa Panasonic (3 Cart)";"MLB7060";"Atributos obrigatórios pendentes: Código universal de produto";"SIM"
"VTK015964";"12 Pilhas Alcalinas Premium Aa Panasonic (6 Cart)";"MLB7060";"Atributos obrigatórios pendentes: Código universal de produto";"SIM"
"VTK015965";"12 Pilhas Alcalinas Premium Aaa Panasonic (2 Cart)";"MLB7060";"Atributos obrigatórios pendentes: Código universal de produto";"SIM"
"VTK015966";"12 Pilhas Alcalinas Premium Aaa Panasonic (3 Cart)";"MLB7060";"Atributos obrigatórios pendentes: Código universal de produto";"SIM"
"VTK015967";"12 Pilhas Alcalinas Premium Aaa Panasonic (6 Cart)";"MLB7060";"Atributos obrigatórios pendentes: Código universal de produto";"SIM"
"VTK015968";"12 Pilhas Comum Aa Panasonic (3 Cart)";"MLB7060";"Atributos obrigatórios pendentes: É recarregável, Código universal de produto";"SIM"
"VTK015969";"12 Pilhas Comum Aaa Panasonic (3 Cart)";"MLB7060";"Atributos obrigatórios pendentes: É recarregável, Código universal de produto";"SIM"
"VTK015970";"12 Pilhas Comum D Panasonic (6 Cart)";"MLB7060";"Atributos obrigatórios pendentes: É recarregável, Código universal de produto";"SIM"
"VTK015971";"12 Pilhas Recarregaveis Eneloop Pro Aa Panasonic (6 Cart)";"MLB7060";"Atributos obrigatórios pendentes: É recarregável, Código universal de produto";"SIM"
"VTK015972";"12 Pilhas Recarregaveis Eneloop Pro Aaa Panasonic (6 Cart)";"MLB7060";"Atributos obrigatórios pendentes: É recarregável, Código universal de produto";"SIM"
"VTK015973";"12 Pilhas Recarregaveis Eneloop Std Aa Panasonic (6 Cart)";"MLB7060";"Atributos obrigatórios pendentes: É recarregável, Código universal de produto";"SIM"
"VTK015974";"12 Pilhas Recarregaveis Eneloop Std Aaa Panasonic (6 Cart)";"MLB7060";"Atributos obrigatórios pendentes: É recarregável, Código universal de produto";"SIM"
"VTK015975";"14 Pilhas Alcalinas Aa Panasonic (7 Cart)";"MLB7060";"Atributos obrigatórios pendentes: Código universal de produto";"SIM"
"VTK015976";"14 Pilhas Alcalinas Aaa Panasonic (7 Cart)";"MLB7060";"Atributos obrigatórios pendentes: Código universal de produto";"SIM"
"VTK015977";"14 Pilhas Alcalinas C Panasonic (7  Cart)";"MLB7060";"Atributos obrigatórios pendentes: Código universal de produto";"SIM"
"VTK015978";"14 Pilhas Alcalinas D Panasonic (7  Cart)";"MLB7060";"Atributos obrigatórios pendentes: Código universal de produto";"SIM"
"VTK015979";"14 Pilhas Alcalinas Premium Aa Panasonic (7 Cart)";"MLB7060";"Atributos obrigatórios pendentes: Código universal de produto";"SIM"
"VTK015980";"14 Pilhas Alcalinas Premium Aaa Panasonic (7 Cart)";"MLB7060";"Atributos obrigatórios pendentes: Código universal de produto";"SIM"
"VTK015981";"14 Pilhas Comum D Panasonic (7 Cart)";"MLB7060";"Atributos obrigatórios pendentes: É recarregável, Código universal de produto";"SIM"
"VTK015982";"14 Pilhas Recarregaveis Eneloop Pro Aa Panasonic (7 Cart)";"MLB7060";"Atributos obrigatórios pendentes: É recarregável, Código universal de produto";"SIM"
"VTK015983";"14 Pilhas Recarregaveis Eneloop Pro Aaa Panasonic (7 Cart)";"MLB7060";"Atributos obrigatórios pendentes: É recarregável, Código universal de produto";"SIM"
"VTK015984";"14 Pilhas Recarregaveis Eneloop Std Aa Panasonic (7 Cart)";"MLB7060";"Atributos obrigatórios pendentes: É recarregável, Código universal de produto";"SIM"
"VTK015985";"14 Pilhas Recarregaveis Eneloop Std Aaa Panasonic (7 Cart)";"MLB7060";"Atributos obrigatórios pendentes: É recarregável, Código universal de produto";"SIM"
"VTK015990";"15 Baterias Cr2025 Panasonic (3 Cart)";"MLB7051";"Atributos obrigatórios pendentes: Código universal de produto";"SIM"
"VTK015991";"15 Baterias Cr2032 Panasonic (3 Cart)";"MLB7051";"Atributos obrigatórios pendentes: Código universal de produto";"SIM"
"VTK015992";"150 Pilhas Baterias Cr2032 3v Panasonic 30 Cartelas";"MLB7060";"Atributos obrigatórios pendentes: É recarregável, Código universal de produto";"SIM"
"VTK015993";"16 Pilhas Alcalinas Aa Panasonic (4 Cart)";"MLB7060";"Atributos obrigatórios pendentes: Código universal de produto";"SIM"
"VTK015994";"16 Pilhas Alcalinas Aa Panasonic (8 Cart)";"MLB7060";"Atributos obrigatórios pendentes: Código universal de produto";"SIM"
"VTK015995";"16 Pilhas Alcalinas Aaa Panasonic (4 Cart)";"MLB7060";"Atributos obrigatórios pendentes: Código universal de produto";"SIM"
"VTK015996";"16 Pilhas Alcalinas Aaa Panasonic (8 Cart)";"MLB7060";"Atributos obrigatórios pendentes: Código universal de produto";"SIM"
"VTK015997";"16 Pilhas Alcalinas C Panasonic (8  Cart)";"MLB7060";"Atributos obrigatórios pendentes: Código universal de produto";"SIM"
"VTK015998";"16 Pilhas Alcalinas D Panasonic (8  Cart)";"MLB7060";"Atributos obrigatórios pendentes: Código universal de produto";"SIM"
"VTK015999";"16 Pilhas Alcalinas Premium Aa Panasonic (4 Cart)";"MLB7060";"Atributos obrigatórios pendentes: Código universal de produto";"SIM"
"VTK016000";"16 Pilhas Alcalinas Premium Aa Panasonic (8 Cart)";"MLB7060";"Atributos obrigatórios pendentes: Código universal de produto";"SIM"
"VTK016001";"16 Pilhas Alcalinas Premium Aaa Panasonic (4 Cart)";"MLB7060";"Atributos obrigatórios pendentes: Código universal de produto";"SIM"
"VTK016002";"16 Pilhas Alcalinas Premium Aaa Panasonic (8 Cart)";"MLB7060";"Atributos obrigatórios pendentes: Código universal de produto";"SIM"
"VTK016003";"16 Pilhas Comum Aa Panasonic (2 Cart)";"MLB7060";"Atributos obrigatórios pendentes: É recarregável, Código universal de produto";"SIM"
"VTK016004";"16 Pilhas Comum Aa Panasonic (4 Cart)";"MLB7060";"Atributos obrigatórios pendentes: É recarregável, Código universal de produto";"SIM"
"VTK016005";"16 Pilhas Comum Aaa Panasonic (2 Cart)";"MLB7060";"Atributos obrigatórios pendentes: É recarregável, Código universal de produto";"SIM"
"VTK016006";"16 Pilhas Comum Aaa Panasonic (4 Cart)";"MLB7060";"Atributos obrigatórios pendentes: É recarregável, Código universal de produto";"SIM"
"VTK016007";"16 Pilhas Comum D Panasonic (8 Cart)";"MLB7060";"Atributos obrigatórios pendentes: É recarregável, Código universal de produto";"SIM"
"VTK016008";"16 Pilhas Recarregaveis Eneloop Pro Aa Panasonic (8 Cart)";"MLB7060";"Atributos obrigatórios pendentes: É recarregável, Código universal de produto";"SIM"
"VTK016009";"16 Pilhas Recarregaveis Eneloop Pro Aaa Panasonic (8 Cart)";"MLB7060";"Atributos obrigatórios pendentes: É recarregável, Código universal de produto";"SIM"
"VTK016010";"16 Pilhas Recarregaveis Eneloop Std Aa Panasonic (8 Cart)";"MLB7060";"Atributos obrigatórios pendentes: É recarregável, Código universal de produto";"SIM"
"VTK016011";"16 Pilhas Recarregaveis Eneloop Std Aaa Panasonic (8 Cart)";"MLB7060";"Atributos obrigatórios pendentes: É recarregável, Código universal de produto";"SIM"
"VTK016012";"18 Pilhas Alcalinas Aa Panasonic (3 Cart)";"MLB7060";"Atributos obrigatórios pendentes: Código universal de produto";"SIM"
"VTK016013";"18 Pilhas Alcalinas Aa Panasonic (9 Cart)";"MLB7060";"Atributos obrigatórios pendentes: Código universal de produto";"SIM"
"VTK016014";"18 Pilhas Alcalinas Aaa Panasonic (3 Cart)";"MLB7060";"Atributos obrigatórios pendentes: Código universal de produto";"SIM"
"VTK016015";"18 Pilhas Alcalinas Aaa Panasonic (9 Cart)";"MLB7060";"Atributos obrigatórios pendentes: Código universal de produto";"SIM"
"VTK016016";"18 Pilhas Alcalinas C Panasonic (9  Cart)";"MLB7060";"Atributos obrigatórios pendentes: Código universal de produto";"SIM"
"VTK016017";"18 Pilhas Alcalinas D Panasonic (9  Cart)";"MLB7060";"Atributos obrigatórios pendentes: Código universal de produto";"SIM"
"VTK016018";"18 Pilhas Alcalinas Premium Aa Panasonic (3 Cart)";"MLB7060";"Atributos obrigatórios pendentes: Código universal de produto";"SIM"
"VTK016019";"18 Pilhas Alcalinas Premium Aa Panasonic (9 Cart)";"MLB7060";"Atributos obrigatórios pendentes: Código universal de produto";"SIM"
"VTK016020";"18 Pilhas Alcalinas Premium Aaa Panasonic (3 Cart)";"MLB7060";"Atributos obrigatórios pendentes: Código universal de produto";"SIM"
"VTK016021";"18 Pilhas Alcalinas Premium Aaa Panasonic (9 Cart)";"MLB7060";"Atributos obrigatórios pendentes: Código universal de produto";"SIM"
"VTK016022";"18 Pilhas Comum D Panasonic (9 Cart)";"MLB7060";"Atributos obrigatórios pendentes: É recarregável, Código universal de produto";"SIM"
"VTK016023";"18 Pilhas Recarregaveis Eneloop Pro Aa Panasonic (9 Cart)";"MLB7060";"Atributos obrigatórios pendentes: É recarregável, Código universal de produto";"SIM"
"VTK016024";"18 Pilhas Recarregaveis Eneloop Pro Aaa Panasonic (9 Cart)";"MLB7060";"Atributos obrigatórios pendentes: É recarregável, Código universal de produto";"SIM"
"VTK016025";"18 Pilhas Recarregaveis Eneloop Std Aa Panasonic (9 Cart)";"MLB7060";"Atributos obrigatórios pendentes: É recarregável, Código universal de produto";"SIM"
"VTK016026";"18 Pilhas Recarregaveis Eneloop Std Aaa Panasonic (9 Cart)";"MLB7060";"Atributos obrigatórios pendentes: É recarregável, Código universal de produto";"SIM"
"VTK016027";"192 Pilhas Alcalinas AA Panasonic (32 Cartelas C/6 Un)";"MLB7060";"Atributos obrigatórios pendentes: Código universal de produto";"SIM"
"VTK016028";"192 Pilhas Alcalinas AA Panasonic (48 Cartelas C/4 Un)";"MLB7060";"Atributos obrigatórios pendentes: Código universal de produto";"SIM"
"VTK016029";"192 Pilhas Alcalinas AAA Panasonic (32 Cartelas C/6 Un)";"MLB7060";"Atributos obrigatórios pendentes: Código universal de produto";"SIM"
"VTK016030";"192 Pilhas Alcalinas AAA Panasonic (48 Cartelas C/4 Un)";"MLB7060";"Atributos obrigatórios pendentes: Código universal de produto";"SIM"
"VTK016031";"192 Pilhas Alcalinas Premium AA Panasonic (32 Cartelas C/6 Un)";"MLB7060";"Atributos obrigatórios pendentes: Código universal de produto";"SIM"
"VTK016032";"192 Pilhas Alcalinas Premium AAA Panasonic (32 Cartelas C/6 Un)";"MLB7060";"Atributos obrigatórios pendentes: Código universal de produto";"SIM"
"VTK016033";"2 Baterias Alcalinas 12v Panasonic Lrv08-1b";"MLB7060";"Atributos obrigatórios pendentes: Código universal de produto";"SIM"
"VTK016034";"2 Baterias Alcalinas 9v Panasonic";"MLB7060";"Atributos obrigatórios pendentes: Código universal de produto";"SIM"
"VTK016036";"2 Tubos Pilha Comum Aa C/52un Cada Panasonic";"MLB7060";"Atributos obrigatórios pendentes: É recarregável, Código universal de produto";"SIM"
"VTK016037";"2 Tubos Pilha Comum Aaa C/40un Cada";"MLB7060";"Atributos obrigatórios pendentes: É recarregável, Código universal de produto";"SIM"
"VTK016039";"20 Baterias Alcalinas 12v Panasonic Lr-V08-1bt (2 Cart)";"MLB7060";"Atributos obrigatórios pendentes: Código universal de produto";"SIM"
"VTK016040";"20 Baterias Alcalinas 9v Panasonic";"MLB7060";"Atributos obrigatórios pendentes: Código universal de produto";"SIM"
"VTK016046";"20 Baterias Cr2025 Panasonic (4 Cart)";"MLB7051";"Atributos obrigatórios pendentes: Código universal de produto";"SIM"
"VTK016047";"20 Baterias Cr2032 Panasonic (4 Cart)";"MLB7051";"Atributos obrigatórios pendentes: Código universal de produto";"SIM"
"VTK016049";"20 Pilhas Alcalinas Aa Panasonic (10 Cart)";"MLB7060";"Atributos obrigatórios pendentes: Código universal de produto";"SIM"
"VTK016050";"20 Pilhas Alcalinas Aa Panasonic (5 Cart)";"MLB7060";"Atributos obrigatórios pendentes: Código universal de produto";"SIM"
"VTK016051";"20 Pilhas Alcalinas Aaa Panasonic (10 Cart)";"MLB7060";"Atributos obrigatórios pendentes: Código universal de produto";"SIM"
"VTK016052";"20 Pilhas Alcalinas Aaa Panasonic (5 Cart)";"MLB7060";"Atributos obrigatórios pendentes: Código universal de produto";"SIM"
"VTK016053";"20 Pilhas Alcalinas C Panasonic (10  Cart)";"MLB7060";"Atributos obrigatórios pendentes: Código universal de produto";"SIM"
"VTK016054";"20 Pilhas Alcalinas D Panasonic (10  Cart)";"MLB7060";"Atributos obrigatórios pendentes: Código universal de produto";"SIM"
"VTK016055";"20 Pilhas Alcalinas Premium Aa Panasonic (10 Cart)";"MLB7060";"Atributos obrigatórios pendentes: Código universal de produto";"SIM"
"VTK016056";"20 Pilhas Alcalinas Premium Aa Panasonic (5 Cart)";"MLB7060";"Atributos obrigatórios pendentes: Código universal de produto";"SIM"
"VTK016057";"20 Pilhas Alcalinas Premium Aaa Panasonic (10 Cart)";"MLB7060";"Atributos obrigatórios pendentes: Código universal de produto";"SIM"
"VTK016058";"20 Pilhas Alcalinas Premium Aaa Panasonic (5 Cart)";"MLB7060";"Atributos obrigatórios pendentes: Código universal de produto";"SIM"
"VTK016059";"20 Pilhas Comum Aa Panasonic (5 Cart)";"MLB7060";"Atributos obrigatórios pendentes: É recarregável, Código universal de produto";"SIM"
"VTK016060";"20 Pilhas Comum Aaa Panasonic (5 Cart)";"MLB7060";"Atributos obrigatórios pendentes: É recarregável, Código universal de produto";"SIM"
"VTK016061";"20 Pilhas Comum D Panasonic (10 Cart)";"MLB7060";"Atributos obrigatórios pendentes: É recarregável, Código universal de produto";"SIM"
"VTK016062";"20 Pilhas Recarregaveis Eneloop Pro Aa Panasonic (10 Cart)";"MLB7060";"Atributos obrigatórios pendentes: É recarregável, Código universal de produto";"SIM"
"VTK016063";"20 Pilhas Recarregaveis Eneloop Pro Aaa Panasonic (10 Cart)";"MLB7060";"Atributos obrigatórios pendentes: É recarregável, Código universal de produto";"SIM"
"VTK016064";"20 Pilhas Recarregaveis Eneloop Std Aa Panasonic (10 Cart)";"MLB7060";"Atributos obrigatórios pendentes: É recarregável, Código universal de produto";"SIM"
"VTK016065";"20 Pilhas Recarregaveis Eneloop Std Aaa Panasonic (10 Cart)";"MLB7060";"Atributos obrigatórios pendentes: É recarregável, Código universal de produto";"SIM"
"VTK016066";"200 Pilhas Baterias Cr2032 3v Panasonic 40 Cartelas";"MLB7060";"Atributos obrigatórios pendentes: É recarregável, Código universal de produto";"SIM"
"VTK016067";"24 Pilhas Alcalinas Aa Panasonic (4 Cart)";"MLB7060";"Atributos obrigatórios pendentes: Código universal de produto";"SIM"
"VTK016068";"24 Pilhas Alcalinas Aa Panasonic (6 Cart)";"MLB7060";"Atributos obrigatórios pendentes: Código universal de produto";"SIM"
"VTK016069";"24 Pilhas Alcalinas Aaa Panasonic (4 Cart)";"MLB7060";"Atributos obrigatórios pendentes: Código universal de produto";"SIM"
"VTK016070";"24 Pilhas Alcalinas Aaa Panasonic (6 Cart)";"MLB7060";"Atributos obrigatórios pendentes: Código universal de produto";"SIM"
"VTK016071";"24 Pilhas Alcalinas Premium AA Panasonic (12 Cartelas C/2 Un)";"MLB7060";"Atributos obrigatórios pendentes: Código universal de produto";"SIM"
"VTK016072";"24 Pilhas Alcalinas Premium Aa Panasonic (4 Cart)";"MLB7060";"Atributos obrigatórios pendentes: Código universal de produto";"SIM"
"VTK016073";"24 Pilhas Alcalinas Premium Aa Panasonic (6 Cart)";"MLB7060";"Atributos obrigatórios pendentes: Código universal de produto";"SIM"
"VTK016074";"24 Pilhas Alcalinas Premium AAA Panasonic (12 Cartelas C/2 Un)";"MLB7060";"Atributos obrigatórios pendentes: Código universal de produto";"SIM"
"VTK016075";"24 Pilhas Alcalinas Premium Aaa Panasonic (4 Cart)";"MLB7060";"Atributos obrigatórios pendentes: Código universal de produto";"SIM"
"VTK016076";"24 Pilhas Alcalinas Premium Aaa Panasonic (6 Cart)";"MLB7060";"Atributos obrigatórios pendentes: Código universal de produto";"SIM"
"VTK016077";"24 Pilhas Comum Aa Panasonic (3 Cart)";"MLB7060";"Atributos obrigatórios pendentes: É recarregável, Código universal de produto";"SIM"
"VTK016078";"24 Pilhas Comum Aa Panasonic (6 Cart)";"MLB7060";"Atributos obrigatórios pendentes: É recarregável, Código universal de produto";"SIM"
"VTK016079";"24 Pilhas Comum Aaa Panasonic (3 Cart)";"MLB7060";"Atributos obrigatórios pendentes: É recarregável, Código universal de produto";"SIM"
"VTK016080";"24 Pilhas Comum Aaa Panasonic (6 Cart)";"MLB7060";"Atributos obrigatórios pendentes: É recarregável, Código universal de produto";"SIM"
"VTK016082";"25 Baterias Cr2025 Panasonic (5 Cart)";"MLB7051";"Atributos obrigatórios pendentes: Código universal de produto";"SIM"
"VTK016083";"25 Baterias Cr2032 Panasonic (5 Cart)";"MLB7051";"Atributos obrigatórios pendentes: Código universal de produto";"SIM"
"VTK016084";"250 Pilhas Baterias Cr2032 3v Panasonic 50 Cartelas";"MLB7060";"Atributos obrigatórios pendentes: É recarregável, Código universal de produto";"SIM"
"VTK016085";"28 Pilhas Alcalinas Aa Panasonic (7 Cart)";"MLB7060";"Atributos obrigatórios pendentes: Código universal de produto";"SIM"
"VTK016086";"28 Pilhas Alcalinas Aaa Panasonic (7 Cart)";"MLB7060";"Atributos obrigatórios pendentes: Código universal de produto";"SIM"
"VTK016087";"28 Pilhas Alcalinas Premium Aa Panasonic (7 Cart)";"MLB7060";"Atributos obrigatórios pendentes: Código universal de produto";"SIM"
"VTK016088";"28 Pilhas Alcalinas Premium Aaa Panasonic (7 Cart)";"MLB7060";"Atributos obrigatórios pendentes: Código universal de produto";"SIM"
"VTK016089";"28 Pilhas Comum Aa Panasonic (7 Cart)";"MLB7060";"Atributos obrigatórios pendentes: É recarregável, Código universal de produto";"SIM"
"VTK016090";"28 Pilhas Comum Aaa Panasonic (7 Cart)";"MLB7060";"Atributos obrigatórios pendentes: É recarregável, Código universal de produto";"SIM"
"VTK016091";"3 Baterias Alcalinas 12v Panasonic Lrv08-1b";"MLB7060";"Atributos obrigatórios pendentes: Código universal de produto";"SIM"
"VTK016092";"3 Baterias Alcalinas 9v Panasonic";"MLB7060";"Atributos obrigatórios pendentes: Código universal de produto";"SIM"
"VTK016094";"3 Tubos Pilha Comum Aa C/52un Cada Panasonic";"MLB7060";"Atributos obrigatórios pendentes: É recarregável, Código universal de produto";"SIM"
"VTK016095";"3 Tubos Pilha Comum Aaa C/40un Cada";"MLB7060";"Atributos obrigatórios pendentes: É recarregável, Código universal de produto";"SIM"
"VTK016099";"30 Baterias Alcalinas 12v Panasonic Lr-V08-1bt (3 Cart)";"MLB7060";"Atributos obrigatórios pendentes: Código universal de produto";"SIM"
"VTK016100";"30 Baterias Alcalinas 9v Panasonic";"MLB7060";"Atributos obrigatórios pendentes: Código universal de produto";"SIM"
"VTK016102";"30 Baterias Cr2025 Panasonic (6 Cart)";"MLB7051";"Atributos obrigatórios pendentes: Código universal de produto";"SIM"
"VTK016103";"30 Baterias Cr2032 Panasonic (6 Cart)";"MLB7051";"Atributos obrigatórios pendentes: Código universal de produto";"SIM"
"VTK016104";"30 Pilhas Alcalinas Aa Panasonic (5 Cart)";"MLB7060";"Atributos obrigatórios pendentes: Código universal de produto";"SIM"
"VTK016105";"30 Pilhas Alcalinas Aaa Panasonic (5 Cart)";"MLB7060";"Atributos obrigatórios pendentes: Código universal de produto";"SIM"
"VTK016106";"30 Pilhas Alcalinas Premium Aa Panasonic (5 Cart)";"MLB7060";"Atributos obrigatórios pendentes: Código universal de produto";"SIM"
"VTK016107";"30 Pilhas Alcalinas Premium Aaa Panasonic (5 Cart)";"MLB7060";"Atributos obrigatórios pendentes: Código universal de produto";"SIM"
"VTK016108";"300 Pilhas Baterias Cr2032 3v Panasonic 60 Cartelas";"MLB7060";"Atributos obrigatórios pendentes: É recarregável, Código universal de produto";"SIM"
"VTK016109";"32 Pilhas Alcalinas Aa Panasonic (8 Cart)";"MLB7060";"Atributos obrigatórios pendentes: Código universal de produto";"SIM"
"VTK016110";"32 Pilhas Alcalinas Aaa Panasonic (8 Cart)";"MLB7060";"Atributos obrigatórios pendentes: Código universal de produto";"SIM"
"VTK016111";"32 Pilhas Alcalinas Premium Aa Panasonic (8 Cart)";"MLB7060";"Atributos obrigatórios pendentes: Código universal de produto";"SIM"
"VTK016112";"32 Pilhas Alcalinas Premium Aaa Panasonic (8 Cart)";"MLB7060";"Atributos obrigatórios pendentes: Código universal de produto";"SIM"
"VTK016113";"32 Pilhas Comum Aa Panasonic (4 Cart)";"MLB7060";"Atributos obrigatórios pendentes: É recarregável, Código universal de produto";"SIM"
"VTK016114";"32 Pilhas Comum Aa Panasonic (8 Cart)";"MLB7060";"Atributos obrigatórios pendentes: É recarregável, Código universal de produto";"SIM"
"VTK016115";"32 Pilhas Comum Aaa Panasonic (4 Cart)";"MLB7060";"Atributos obrigatórios pendentes: É recarregável, Código universal de produto";"SIM"
"VTK016116";"32 Pilhas Comum Aaa Panasonic (8 Cart)";"MLB7060";"Atributos obrigatórios pendentes: É recarregável, Código universal de produto";"SIM"
"VTK016118";"35 Baterias Cr2025 Panasonic (7 Cart)";"MLB7051";"Atributos obrigatórios pendentes: Código universal de produto";"SIM"
"VTK016119";"35 Baterias Cr2032 Panasonic (7 Cart)";"MLB7051";"Atributos obrigatórios pendentes: Código universal de produto";"SIM"
"VTK016120";"36 Pilhas Alcalinas Aa Panasonic (6 Cart)";"MLB7060";"Atributos obrigatórios pendentes: Código universal de produto";"SIM"
"VTK016121";"36 Pilhas Alcalinas Aa Panasonic (9 Cart)";"MLB7060";"Atributos obrigatórios pendentes: Código universal de produto";"SIM"
"VTK016122";"36 Pilhas Alcalinas Aaa Panasonic (6 Cart)";"MLB7060";"Atributos obrigatórios pendentes: Código universal de produto";"SIM"
"VTK016123";"36 Pilhas Alcalinas Aaa Panasonic (9 Cart)";"MLB7060";"Atributos obrigatórios pendentes: Código universal de produto";"SIM"
"VTK016124";"36 Pilhas Alcalinas Premium Aa Panasonic (6 Cart)";"MLB7060";"Atributos obrigatórios pendentes: Código universal de produto";"SIM"
"VTK016125";"36 Pilhas Alcalinas Premium Aa Panasonic (9 Cart)";"MLB7060";"Atributos obrigatórios pendentes: Código universal de produto";"SIM"
"VTK016126";"36 Pilhas Alcalinas Premium Aaa Panasonic (6 Cart)";"MLB7060";"Atributos obrigatórios pendentes: Código universal de produto";"SIM"
"VTK016127";"36 Pilhas Alcalinas Premium Aaa Panasonic (9 Cart)";"MLB7060";"Atributos obrigatórios pendentes: Código universal de produto";"SIM"
"VTK016128";"36 Pilhas Comum Aa Panasonic (9 Cart)";"MLB7060";"Atributos obrigatórios pendentes: É recarregável, Código universal de produto";"SIM"
"VTK016129";"36 Pilhas Comum Aaa Panasonic (9 Cart)";"MLB7060";"Atributos obrigatórios pendentes: É recarregável, Código universal de produto";"SIM"
"VTK016130";"4 Baterias Alcalinas 12v Panasonic Lrv08-1b";"MLB7060";"Atributos obrigatórios pendentes: Código universal de produto";"SIM"
"VTK016131";"4 Baterias Alcalinas 9v Panasonic";"MLB7060";"Atributos obrigatórios pendentes: Código universal de produto";"SIM"
"VTK016133";"4 Pilhas Alcalinas Aa Panasonic (2 Cart)";"MLB7060";"Atributos obrigatórios pendentes: Código universal de produto";"SIM"
"VTK016134";"4 Pilhas Alcalinas Aaa Panasonic (2 Cart)";"MLB7060";"Atributos obrigatórios pendentes: Código universal de produto";"SIM"
"VTK016135";"4 Pilhas Alcalinas C Panasonic (2  Cart)";"MLB7060";"Atributos obrigatórios pendentes: Código universal de produto";"SIM"
"VTK016136";"4 Pilhas Alcalinas D Panasonic (2  Cart)";"MLB7060";"Atributos obrigatórios pendentes: Código universal de produto";"SIM"
"VTK016137";"4 Pilhas Alcalinas Premium Aa Panasonic (2 Cart)";"MLB7060";"Atributos obrigatórios pendentes: Código universal de produto";"SIM"
"VTK016138";"4 Pilhas Alcalinas Premium Aaa Panasonic (2 Cart)";"MLB7060";"Atributos obrigatórios pendentes: Código universal de produto";"SIM"
"VTK016139";"4 Pilhas Comum D Panasonic (2 Cart)";"MLB7060";"Atributos obrigatórios pendentes: É recarregável, Código universal de produto";"SIM"
"VTK016140";"4 Pilhas Recarregaveis Eneloop Pro Aa Panasonic (2 Cart)";"MLB7060";"Atributos obrigatórios pendentes: É recarregável, Código universal de produto";"SIM"
"VTK016141";"4 Pilhas Recarregaveis Eneloop Pro Aaa Panasonic (2 Cart)";"MLB7060";"Atributos obrigatórios pendentes: É recarregável, Código universal de produto";"SIM"
"VTK016142";"4 Pilhas Recarregaveis Eneloop Std Aa Panasonic (2 Cart)";"MLB7060";"Atributos obrigatórios pendentes: É recarregável, Código universal de produto";"SIM"
"VTK016143";"4 Pilhas Recarregaveis Eneloop Std Aaa Panasonic (2 Cart)";"MLB7060";"Atributos obrigatórios pendentes: É recarregável, Código universal de produto";"SIM"
"VTK016144";"4 Tubos Pilha Comum Aa C/52un Cada Panasonic";"MLB7060";"Atributos obrigatórios pendentes: É recarregável, Código universal de produto";"SIM"
"VTK016145";"4 Tubos Pilha Comum Aaa C/40un Cada";"MLB7060";"Atributos obrigatórios pendentes: É recarregável, Código universal de produto";"SIM"
"VTK016146";"40 Baterias Alcalinas 12v Panasonic Lr-V08-1bt (4 Cart)";"MLB7060";"Atributos obrigatórios pendentes: Código universal de produto";"SIM"
"VTK016147";"40 Baterias Alcalinas 9v Panasonic";"MLB7060";"Atributos obrigatórios pendentes: Código universal de produto";"SIM"
"VTK016149";"40 Baterias Cr2025 Panasonic (8 Cart)";"MLB7051";"Atributos obrigatórios pendentes: Código universal de produto";"SIM"
"VTK016150";"40 Baterias Cr2032 Panasonic (8 Cart)";"MLB7051";"Atributos obrigatórios pendentes: Código universal de produto";"SIM"
"VTK016151";"40 Pilhas Alcalinas Aa Panasonic (10 Cart)";"MLB7060";"Atributos obrigatórios pendentes: Código universal de produto";"SIM"
"VTK016152";"40 Pilhas Alcalinas Aaa Panasonic (10 Cart)";"MLB7060";"Atributos obrigatórios pendentes: Código universal de produto";"SIM"
"VTK016153";"40 Pilhas Alcalinas Premium Aa Panasonic (10 Cart)";"MLB7060";"Atributos obrigatórios pendentes: Código universal de produto";"SIM"
"VTK016154";"40 Pilhas Alcalinas Premium Aaa Panasonic (10 Cart)";"MLB7060";"Atributos obrigatórios pendentes: Código universal de produto";"SIM"
"VTK016155";"40 Pilhas Comum Aa Panasonic (10 Cart)";"MLB7060";"Atributos obrigatórios pendentes: É recarregável, Código universal de produto";"SIM"
"VTK016156";"40 Pilhas Comum Aa Panasonic (5 Cart)";"MLB7060";"Atributos obrigatórios pendentes: É recarregável, Código universal de produto";"SIM"
"VTK016157";"40 Pilhas Comum Aaa Panasonic (10 Cart)";"MLB7060";"Atributos obrigatórios pendentes: É recarregável, Código universal de produto";"SIM"
"VTK016158";"40 Pilhas Comum Aaa Panasonic (5 Cart)";"MLB7060";"Atributos obrigatórios pendentes: É recarregável, Código universal de produto";"SIM"
"VTK016159";"400 Pilhas Baterias Cr2032 3v Panasonic 80 Cartelas";"MLB7060";"Atributos obrigatórios pendentes: É recarregável, Código universal de produto";"SIM"
"VTK016160";"42 Pilhas Alcalinas Aa Panasonic (7 Cart)";"MLB7060";"Atributos obrigatórios pendentes: Código universal de produto";"SIM"
"VTK016161";"42 Pilhas Alcalinas Aaa Panasonic (7 Cart)";"MLB7060";"Atributos obrigatórios pendentes: Código universal de produto";"SIM"
"VTK016162";"42 Pilhas Alcalinas Premium Aa Panasonic (7 Cart)";"MLB7060";"Atributos obrigatórios pendentes: Código universal de produto";"SIM"
"VTK016163";"42 Pilhas Alcalinas Premium Aaa Panasonic (7 Cart)";"MLB7060";"Atributos obrigatórios pendentes: Código universal de produto";"SIM"
"VTK016165";"45 Baterias Cr2025 Panasonic (9 Cart)";"MLB7051";"Atributos obrigatórios pendentes: Código universal de produto";"SIM"
"VTK016166";"45 Baterias Cr2032 Panasonic (9 Cart)";"MLB7051";"Atributos obrigatórios pendentes: Código universal de produto";"SIM"
"VTK016167";"48 Pilhas Alcalinas Aa Panasonic (8 Cart)";"MLB7060";"Atributos obrigatórios pendentes: Código universal de produto";"SIM"
"VTK016168";"48 Pilhas Alcalinas Aaa Panasonic (8 Cart)";"MLB7060";"Atributos obrigatórios pendentes: Código universal de produto";"SIM"
"VTK016169";"48 Pilhas Alcalinas Premium Aa Panasonic (8 Cart)";"MLB7060";"Atributos obrigatórios pendentes: Código universal de produto";"SIM"
"VTK016170";"48 Pilhas Alcalinas Premium Aaa Panasonic (8 Cart)";"MLB7060";"Atributos obrigatórios pendentes: Código universal de produto";"SIM"
"VTK016171";"48 Pilhas Comum Aa Panasonic (6 Cart)";"MLB7060";"Atributos obrigatórios pendentes: É recarregável, Código universal de produto";"SIM"
"VTK016172";"48 Pilhas Comum Aaa Panasonic (6 Cart)";"MLB7060";"Atributos obrigatórios pendentes: É recarregável, Código universal de produto";"SIM"
"VTK016173";"5 Baterias Alcalinas 12v Panasonic Lrv08-1b";"MLB7060";"Atributos obrigatórios pendentes: Código universal de produto";"SIM"
"VTK016174";"5 Baterias Alcalinas 9v Panasonic";"MLB7060";"Atributos obrigatórios pendentes: Código universal de produto";"SIM"
"VTK016176";"5 Tubos Pilha Comum Aa C/52un Cada Panasonic";"MLB7060";"Atributos obrigatórios pendentes: É recarregável, Código universal de produto";"SIM"
"VTK016177";"5 Tubos Pilha Comum Aaa C/40un Cada";"MLB7060";"Atributos obrigatórios pendentes: É recarregável, Código universal de produto";"SIM"
"VTK016178";"50 Baterias Alcalinas 12v Panasonic Lr-V08-1bt (5 Cart)";"MLB7060";"Atributos obrigatórios pendentes: Código universal de produto";"SIM"
"VTK016179";"50 Baterias Alcalinas 9v Panasonic";"MLB7060";"Atributos obrigatórios pendentes: Código universal de produto";"SIM"
"VTK016185";"50 Baterias Cr2025 Panasonic (10 Cart)";"MLB7051";"Atributos obrigatórios pendentes: Código universal de produto";"SIM"
"VTK016186";"500 Pilhas Baterias Cr2032 3v Panasonic 100 Cartelas";"MLB7060";"Atributos obrigatórios pendentes: É recarregável, Código universal de produto";"SIM"
"VTK016187";"54 Pilhas Alcalinas Aa Panasonic (9 Cart)";"MLB7060";"Atributos obrigatórios pendentes: Código universal de produto";"SIM"
"VTK016188";"54 Pilhas Alcalinas Aaa Panasonic (9 Cart)";"MLB7060";"Atributos obrigatórios pendentes: Código universal de produto";"SIM"
"VTK016189";"54 Pilhas Alcalinas Premium Aa Panasonic (9 Cart)";"MLB7060";"Atributos obrigatórios pendentes: Código universal de produto";"SIM"
"VTK016190";"54 Pilhas Alcalinas Premium Aaa Panasonic (9 Cart)";"MLB7060";"Atributos obrigatórios pendentes: Código universal de produto";"SIM"
"VTK016191";"56 Pilhas Comum Aa Panasonic (7 Cart)";"MLB7060";"Atributos obrigatórios pendentes: É recarregável, Código universal de produto";"SIM"
"VTK016192";"56 Pilhas Comum Aaa Panasonic (7 Cart)";"MLB7060";"Atributos obrigatórios pendentes: É recarregável, Código universal de produto";"SIM"
"VTK016193";"6 Baterias Alcalinas 12v Panasonic Lrv08-1b";"MLB7060";"Atributos obrigatórios pendentes: Código universal de produto";"SIM"
"VTK016194";"6 Baterias Alcalinas 9v Panasonic";"MLB7060";"Atributos obrigatórios pendentes: Código universal de produto";"SIM"
"VTK016196";"6 Pilhas Alcalinas Aa Panasonic (3 Cart)";"MLB7060";"Atributos obrigatórios pendentes: Código universal de produto";"SIM"
"VTK016197";"6 Pilhas Alcalinas Aaa Panasonic (3 Cart)";"MLB7060";"Atributos obrigatórios pendentes: Código universal de produto";"SIM"
"VTK016198";"6 Pilhas Alcalinas C Panasonic (3  Cart)";"MLB7060";"Atributos obrigatórios pendentes: Código universal de produto";"SIM"
"VTK016199";"6 Pilhas Alcalinas D Panasonic (3  Cart)";"MLB7060";"Atributos obrigatórios pendentes: Código universal de produto";"SIM"
"VTK016200";"6 Pilhas Alcalinas Premium Aa Panasonic (3 Cart)";"MLB7060";"Atributos obrigatórios pendentes: Código universal de produto";"SIM"
"VTK016201";"6 Pilhas Alcalinas Premium Aaa Panasonic (3 Cart)";"MLB7060";"Atributos obrigatórios pendentes: Código universal de produto";"SIM"
"VTK016202";"6 Pilhas Comum D Panasonic (3 Cart)";"MLB7060";"Atributos obrigatórios pendentes: É recarregável, Código universal de produto";"SIM"
"VTK016203";"6 Pilhas Recarregaveis Eneloop Pro Aa Panasonic (3 Cart)";"MLB7060";"Atributos obrigatórios pendentes: É recarregável, Código universal de produto";"SIM"
"VTK016204";"6 Pilhas Recarregaveis Eneloop Pro Aaa Panasonic (3 Cart)";"MLB7060";"Atributos obrigatórios pendentes: É recarregável, Código universal de produto";"SIM"
"VTK016205";"6 Pilhas Recarregaveis Eneloop Std Aa Panasonic (3 Cart)";"MLB7060";"Atributos obrigatórios pendentes: É recarregável, Código universal de produto";"SIM"
"VTK016206";"6 Pilhas Recarregaveis Eneloop Std Aaa Panasonic (3 Cart)";"MLB7060";"Atributos obrigatórios pendentes: É recarregável, Código universal de produto";"SIM"
"VTK016207";"60 Baterias Alcalinas 12v Panasonic Lr-V08-1bt (6 Cart)";"MLB7060";"Atributos obrigatórios pendentes: Código universal de produto";"SIM"
"VTK016208";"60 Pilhas Alcalinas Aa Panasonic (10 Cart)";"MLB7060";"Atributos obrigatórios pendentes: Código universal de produto";"SIM"
"VTK016209";"60 Pilhas Alcalinas Aaa Panasonic (10 Cart)";"MLB7060";"Atributos obrigatórios pendentes: Código universal de produto";"SIM"
"VTK016210";"60 Pilhas Alcalinas Premium Aa Panasonic (10 Cart)";"MLB7060";"Atributos obrigatórios pendentes: Código universal de produto";"SIM"
"VTK016211";"60 Pilhas Alcalinas Premium Aaa Panasonic (10 Cart)";"MLB7060";"Atributos obrigatórios pendentes: Código universal de produto";"SIM"
"VTK016212";"64 Pilhas Comum Aa Panasonic (8 Cart)";"MLB7060";"Atributos obrigatórios pendentes: É recarregável, Código universal de produto";"SIM"
"VTK016213";"64 Pilhas Comum Aaa Panasonic (8 Cart)";"MLB7060";"Atributos obrigatórios pendentes: É recarregável, Código universal de produto";"SIM"
"VTK016214";"7 Baterias Alcalinas 12v Panasonic Lrv08-1b";"MLB7060";"Atributos obrigatórios pendentes: Código universal de produto";"SIM"
"VTK016215";"7 Baterias Alcalinas 9v Panasonic";"MLB7060";"Atributos obrigatórios pendentes: Código universal de produto";"SIM"
"VTK016217";"70 Baterias Alcalinas 12v Panasonic Lr-V08-1bt (7 Cart)";"MLB7060";"Atributos obrigatórios pendentes: Código universal de produto";"SIM"
"VTK016218";"72 Pilhas Comum Aa Panasonic (9 Cart)";"MLB7060";"Atributos obrigatórios pendentes: É recarregável, Código universal de produto";"SIM"
"VTK016219";"72 Pilhas Comum Aaa Panasonic (9 Cart)";"MLB7060";"Atributos obrigatórios pendentes: É recarregável, Código universal de produto";"SIM"
"VTK016220";"8 Baterias Alcalinas 12v Panasonic Lrv08-1b";"MLB7060";"Atributos obrigatórios pendentes: Código universal de produto";"SIM"
"VTK016221";"8 Baterias Alcalinas 9v Panasonic";"MLB7060";"Atributos obrigatórios pendentes: Código universal de produto";"SIM"
"VTK016223";"8 Pilhas Alcalinas Aa Panasonic (2 Cart)";"MLB7060";"Atributos obrigatórios pendentes: Código universal de produto";"SIM"
"VTK016224";"8 Pilhas Alcalinas Aa Panasonic (4 Cart)";"MLB7060";"Atributos obrigatórios pendentes: Código universal de produto";"SIM"
"VTK016225";"8 Pilhas Alcalinas Aaa Panasonic (2 Cart)";"MLB7060";"Atributos obrigatórios pendentes: Código universal de produto";"SIM"
"VTK016226";"8 Pilhas Alcalinas Aaa Panasonic (4 Cart)";"MLB7060";"Atributos obrigatórios pendentes: Código universal de produto";"SIM"
"VTK016227";"8 Pilhas Alcalinas C Panasonic (4  Cart)";"MLB7060";"Atributos obrigatórios pendentes: Código universal de produto";"SIM"
"VTK016228";"8 Pilhas Alcalinas D Panasonic (4  Cart)";"MLB7060";"Atributos obrigatórios pendentes: Código universal de produto";"SIM"
"VTK016229";"8 Pilhas Alcalinas Premium Aa Panasonic (2 Cart)";"MLB7060";"Atributos obrigatórios pendentes: Código universal de produto";"SIM"
"VTK016230";"8 Pilhas Alcalinas Premium Aa Panasonic (4 Cart)";"MLB7060";"Atributos obrigatórios pendentes: Código universal de produto";"SIM"
"VTK016231";"8 Pilhas Alcalinas Premium Aaa Panasonic (2 Cart)";"MLB7060";"Atributos obrigatórios pendentes: Código universal de produto";"SIM"
"VTK016232";"8 Pilhas Alcalinas Premium Aaa Panasonic (4 Cart)";"MLB7060";"Atributos obrigatórios pendentes: Código universal de produto";"SIM"
"VTK016233";"8 Pilhas Comum Aa Panasonic (2 Cart)";"MLB7060";"Atributos obrigatórios pendentes: É recarregável, Código universal de produto";"SIM"
"VTK016234";"8 Pilhas Comum Aaa Panasonic (2 Cart)";"MLB7060";"Atributos obrigatórios pendentes: É recarregável, Código universal de produto";"SIM"
"VTK016235";"8 Pilhas Comum D Panasonic (4 Cart)";"MLB7060";"Atributos obrigatórios pendentes: É recarregável, Código universal de produto";"SIM"
"VTK016236";"8 Pilhas Recarregaveis Eneloop Pro Aa Panasonic (4 Cart)";"MLB7060";"Atributos obrigatórios pendentes: É recarregável, Código universal de produto";"SIM"
"VTK016237";"8 Pilhas Recarregaveis Eneloop Pro Aaa Panasonic (4 Cart)";"MLB7060";"Atributos obrigatórios pendentes: É recarregável, Código universal de produto";"SIM"
"VTK016238";"8 Pilhas Recarregaveis Eneloop Std Aa Panasonic (4 Cart)";"MLB7060";"Atributos obrigatórios pendentes: É recarregável, Código universal de produto";"SIM"
"VTK016239";"8 Pilhas Recarregaveis Eneloop Std Aaa Panasonic (4 Cart)";"MLB7060";"Atributos obrigatórios pendentes: É recarregável, Código universal de produto";"SIM"
"VTK016240";"80 Baterias Alcalinas 12v Panasonic Lr-V08-1bt (8 Cart)";"MLB7060";"Atributos obrigatórios pendentes: Código universal de produto";"SIM"
"VTK016241";"80 Pilhas Comum Aa Panasonic (10 Cart)";"MLB7060";"Atributos obrigatórios pendentes: É recarregável, Código universal de produto";"SIM"
"VTK016242";"80 Pilhas Comum Aaa Panasonic (10 Cart)";"MLB7060";"Atributos obrigatórios pendentes: É recarregável, Código universal de produto";"SIM"
"VTK016243";"9 Baterias Alcalinas 12v Panasonic Lrv08-1b";"MLB7060";"Atributos obrigatórios pendentes: Código universal de produto";"SIM"
"VTK016244";"9 Baterias Alcalinas 9v Panasonic";"MLB7060";"Atributos obrigatórios pendentes: Código universal de produto";"SIM"
"VTK016246";"90 Baterias Alcalinas 12v Panasonic Lr-V08-1bt (9 Cart)";"MLB7060";"Atributos obrigatórios pendentes: Código universal de produto";"SIM"
"VTK016247";"96 Pilhas Alcalinas Premium AA Panasonic (24 Cartelas C/4 Un)";"MLB7060";"Atributos obrigatórios pendentes: Código universal de produto";"SIM"
"VTK016248";"96 Pilhas Alcalinas Premium AAA Panasonic (24 Cartelas C/4 Un)";"MLB7060";"Atributos obrigatórios pendentes: Código universal de produto";"SIM"
"VTK016249";"Bateria Alcalina 9V Panasonic 24 unidades";"MLB7060";"Atributos obrigatórios pendentes: Código universal de produto";"SIM"
"VTK016250";"CR2032 50 unidades Panasonic - 10 Cartelas";"MLB270434";"Atributos obrigatórios pendentes: Número de peça do dispositivo";"NÃO"
